{
	"credit": "Made with Blockbench",
	"textures": {
		"0": "Flower_Crowns/Flower_Crown",
		"particle": "Flower_Crowns/Flower_Crown"
	},
	"elements": [
		{
			"from": [0, 0, 0],
			"to": [16, 6, 16],
			"faces": {
				"north": {"uv": [0, 6, 8, 9], "texture": "#0"},
				"east": {"uv": [8, 6, 16, 9], "texture": "#0"},
				"south": {"uv": [0, 6, 8, 9], "texture": "#0"},
				"west": {"uv": [8, 6, 16, 9], "texture": "#0"},
				"up": {"uv": [0, 0, 0.5, 0.5], "texture": "#0"},
				"down": {"uv": [0, 0, 0.5, 0.5], "texture": "#0"}
			}
		}
	],
	"display": {
		"thirdperson_righthand": {
			"rotation": [70, 0, 0],
			"translation": [0, 4.25, 2.25],
			"scale": [0.5, 0.5, 0.5]
		},
		"thirdperson_lefthand": {
			"rotation": [70, 0, 0],
			"translation": [0, 4.25, 2.25],
			"scale": [0.5, 0.5, 0.5]
		},
		"firstperson_righthand": {
			"rotation": [25, 18, -5],
			"translation": [0, 8, 0],
			"scale": [0.5, 0.5, 0.5]
		},
		"firstperson_lefthand": {
			"rotation": [25, 18, -5],
			"translation": [0, 8, 0],
			"scale": [0.5, 0.5, 0.5]
		},
		"ground": {
			"translation": [0, 3.25, 0]
		},
		"gui": {
			"translation": [0, 5, 0]
		},
		"head": {
			"translation": [0, 9.75, 0],
			"scale": [0.92, 0.92, 0.92]
		},
		"fixed": {
			"translation": [0, 5, 6.25]
		}
	}
}