{
	"credit": "Made with Blockbench",
	"textures": {
		"0": "Flower_Crowns/Ring",
		"particle": "Flower_Crowns/Ring"
	},
	"elements": [
		{
			"from": [6, 0, 5.5],
			"to": [10, 1, 6],
			"rotation": {"angle": 0, "axis": "y", "origin": [8, 0, 8]},
			"faces": {
				"north": {"uv": [14, 0, 16, 2], "rotation": 90, "texture": "#0"},
				"east": {"uv": [6, 0.5, 6.5, 1], "rotation": 90, "texture": "#0"},
				"south": {"uv": [14, 0, 16, 2], "rotation": 90, "texture": "#0"},
				"west": {"uv": [6, 0.5, 6.5, 1], "rotation": 90, "texture": "#0"},
				"up": {"uv": [14, 0, 16, 2], "rotation": 90, "texture": "#0"},
				"down": {"uv": [14, 0, 16, 2], "rotation": 90, "texture": "#0"}
			}
		},
		{
			"from": [6, 0, 6],
			"to": [6.5, 1, 10],
			"rotation": {"angle": 0, "axis": "x", "origin": [8, 0, 8]},
			"faces": {
				"north": {"uv": [0, 0, 6, 1], "rotation": 180, "texture": "#0"},
				"east": {"uv": [0, 0, 6, 1], "rotation": 270, "texture": "#0"},
				"south": {"uv": [0, 0, 6, 1], "texture": "#0"},
				"west": {"uv": [0, 0, 6, 1], "rotation": 90, "texture": "#0"},
				"up": {"uv": [6, 0, 6.5, 1], "rotation": 180, "texture": "#0"},
				"down": {"uv": [6, 0, 6.5, 1], "texture": "#0"}
			}
		},
		{
			"from": [9.5, 0, 6],
			"to": [10, 1, 10.5],
			"rotation": {"angle": 0, "axis": "x", "origin": [8, 0, 8]},
			"faces": {
				"north": {"uv": [0, 0, 6, 1], "rotation": 180, "texture": "#0"},
				"east": {"uv": [0, 0, 6, 1], "rotation": 270, "texture": "#0"},
				"south": {"uv": [0, 0, 6, 1], "texture": "#0"},
				"west": {"uv": [0, 0, 6, 1], "rotation": 90, "texture": "#0"},
				"up": {"uv": [6, 0, 6.5, 1], "rotation": 180, "texture": "#0"},
				"down": {"uv": [6, 0, 6.5, 1], "texture": "#0"}
			}
		},
		{
			"from": [6, 0, 10],
			"to": [9.5, 1, 10.5],
			"rotation": {"angle": 0, "axis": "y", "origin": [8, 0, 8]},
			"faces": {
				"north": {"uv": [0, 0, 6, 1], "rotation": 270, "texture": "#0"},
				"east": {"uv": [0, 0, 6, 1], "texture": "#0"},
				"south": {"uv": [0, 0, 6, 1], "rotation": 90, "texture": "#0"},
				"west": {"uv": [0, 0, 6, 1], "rotation": 180, "texture": "#0"},
				"up": {"uv": [6, 0, 6.5, 1], "rotation": 90, "texture": "#0"},
				"down": {"uv": [6, 0, 6.5, 1], "rotation": 90, "texture": "#0"}
			}
		}
	],
	"display": {
		"thirdperson_righthand": {
			"rotation": [-85.75, -180, 0],
			"translation": [0, 1, -2.75],
			"scale": [0.5, 0.5, 0.5]
		},
		"thirdperson_lefthand": {
			"rotation": [-88.25, -180, 0],
			"translation": [0, -1.75, -6]
		},
		"ground": {
			"translation": [0, 5.5, 0],
			"scale": [1.75, 1.5, 1.5]
		},
		"gui": {
			"rotation": [90, 0, 0],
			"scale": [1.75, 1.5, 1.5]
		},
		"fixed": {
			"rotation": [90, 0, 0],
			"translation": [0, 0, 7]
		}
	}
}