{
	"credit": "Made with Blockbench",
	"ambientocclusion": false,
	"textures": {
		"0": "Flower_Crowns/Top_Hat",
		"particle": "Flower_Crowns/Top_Hat"
	},
	"elements": [
		{
			"from": [0, 0, 0],
			"to": [16, 2, 17],
			"faces": {
				"north": {"uv": [0, 8, 8, 16], "texture": "#0"},
				"east": {"uv": [0, 8, 8, 16], "texture": "#0"},
				"south": {"uv": [0, 8, 8, 16], "texture": "#0"},
				"west": {"uv": [0, 8, 8, 16], "texture": "#0"},
				"up": {"uv": [0, 8, 8, 16], "texture": "#0"},
				"down": {"uv": [0, 8, 8, 16], "texture": "#0"}
			}
		},
		{
			"from": [3, 2, 3],
			"to": [13, 12, 14],
			"faces": {
				"north": {"uv": [0, 0, 8, 8], "texture": "#0"},
				"east": {"uv": [0, 0, 8, 8], "texture": "#0"},
				"south": {"uv": [0, 0, 8, 8], "texture": "#0"},
				"west": {"uv": [0, 0, 8, 8], "texture": "#0"},
				"up": {"uv": [0, 0, 8, 8], "texture": "#0"},
				"down": {"uv": [0, 0, 8, 8], "texture": "#0"}
			}
		}
	],
	"display": {
		"thirdperson_righthand": {
			"scale": [0.5, 0.5, 0.5]
		},
		"thirdperson_lefthand": {
			"scale": [0.5, 0.5, 0.5]
		},
		"ground": {
			"translation": [0, 4.5, 0]
		},
		"gui": {
			"translation": [0, 4, 0]
		},
		"head": {
			"translation": [0, 14.25, 0]
		},
		"fixed": {
			"translation": [0, 2, 0]
		}
	}
}